file_a,file_b,label_a,label_b,co_changes,changes_a,changes_b
freeplane\src\main\java\org\freeplane\view\swing\map\MapView.java,freeplane\src\main\java\org\freeplane\view\swing\map\NodeView.java,MapView,NodeView,89,375,301
freeplane\src\org\freeplane\view\swing\map\MainView.java,freeplane\src\org\freeplane\view\swing\map\NodeView.java,MainView,NodeView,80,207,262
freeplane\src\org\freeplane\view\swing\map\MapView.java,freeplane\src\org\freeplane\view\swing\map\NodeView.java,MapView,NodeView,79,279,262
freeplane\src\main\java\org\freeplane\view\swing\map\MainView.java,freeplane\src\main\java\org\freeplane\view\swing\map\NodeView.java,MainView,NodeView,58,178,301
freeplane\src\org\freeplane\main\browsemode\BModeControllerFactory.java,freeplane\src\org\freeplane\main\mindmapmode\MModeControllerFactory.java,BModeControllerFactory,MModeControllerFactory,56,70,159
freeplane\src\org\freeplane\view\swing\map\MainView.java,freeplane\src\org\freeplane\view\swing\map\MapView.java,MainView,MapView,55,207,279
freeplane\src\org\freeplane\view\swing\map\NodeView.java,freeplane\src\org\freeplane\view\swing\map\NodeViewFactory.java,NodeView,NodeViewFactory,53,262,101
freeplane_plugin_script\src\org\freeplane\plugin\script\proxy\NodeProxy.java,freeplane_plugin_script\src\org\freeplane\plugin\script\proxy\Proxy.java,NodeProxy,Proxy,49,75,112
freeplane\src\org\freeplane\view\swing\map\NodeView.java,freeplane\src\org\freeplane\view\swing\map\NodeViewLayoutAdapter.java,NodeView,NodeViewLayoutAdapter,47,262,101
freeplane\src\main\java\org\freeplane\view\swing\map\outline\BreadcrumbPanel.java,freeplane\src\main\java\org\freeplane\view\swing\map\outline\ScrollableTreePanel.java,BreadcrumbPanel,ScrollableTreePanel,47,57,135
freeplane\src\org\freeplane\view\swing\map\MainView.java,freeplane\src\org\freeplane\view\swing\map\RootMainView.java,MainView,RootMainView,44,207,63
freeplane\src\org\freeplane\main\browsemode\BModeControllerFactory.java,freeplane\src\org\freeplane\main\filemode\FModeControllerFactory.java,BModeControllerFactory,FModeControllerFactory,44,70,52
freeplane\src\org\freeplane\main\filemode\FModeControllerFactory.java,freeplane\src\org\freeplane\main\mindmapmode\MModeControllerFactory.java,FModeControllerFactory,MModeControllerFactory,44,52,159
freeplane\src\org\freeplane\core\controller\Controller.java,freeplane\src\org\freeplane\core\frame\ViewController.java,Controller,ViewController,42,62,109
freeplane\src\org\freeplane\view\swing\map\MainView.java,freeplane\src\org\freeplane\view\swing\ui\DefaultNodeMouseMotionListener.java,MainView,DefaultNodeMouseMotionListener,42,207,93
freeplane\src\org\freeplane\core\frame\ViewController.java,freeplane\src\org\freeplane\view\swing\map\MapView.java,ViewController,MapView,41,109,279
freeplane\src\org\freeplane\features\common\edge\EdgeController.java,freeplane\src\org\freeplane\features\common\nodestyle\NodeStyleController.java,EdgeController,NodeStyleController,41,52,58
freeplane\src\org\freeplane\features\common\link\LinkController.java,freeplane\src\org\freeplane\view\swing\map\MapView.java,LinkController,MapView,40,80,279
freeplane\src\org\freeplane\main\mindmapmode\MModeControllerFactory.java,freeplane\src\org\freeplane\main\mindmapmode\stylemode\SModeControllerFactory.java,MModeControllerFactory,SModeControllerFactory,40,159,68
freeplane\src\org\freeplane\features\common\cloud\CloudController.java,freeplane\src\org\freeplane\features\common\edge\EdgeController.java,CloudController,EdgeController,39,45,52
freeplane\src\org\freeplane\features\common\cloud\CloudController.java,freeplane\src\org\freeplane\features\common\nodestyle\NodeStyleController.java,CloudController,NodeStyleController,39,45,58
freeplane\src\org\freeplane\main\applet\FreeplaneApplet.java,freeplane\src\org\freeplane\main\application\FreeplaneStarter.java,FreeplaneApplet,FreeplaneStarter,39,63,135
freeplane\src\org\freeplane\view\swing\map\ForkMainView.java,freeplane\src\org\freeplane\view\swing\map\MainView.java,ForkMainView,MainView,37,54,207
freeplane\src\org\freeplane\view\swing\map\MainView.java,freeplane\src\org\freeplane\view\swing\map\NodeViewFactory.java,MainView,NodeViewFactory,37,207,101
freeplane\src\org\freeplane\features\mindmapmode\file\MFileManager.java,freeplane\src\org\freeplane\features\mindmapmode\file\RevertAction.java,MFileManager,RevertAction,37,100,45
freeplane\src\org\freeplane\features\common\link\LinkController.java,freeplane\src\org\freeplane\features\mindmapmode\link\MLinkController.java,LinkController,MLinkController,37,80,74
freeplane\src\org\freeplane\view\swing\map\BubbleMainView.java,freeplane\src\org\freeplane\view\swing\map\MainView.java,BubbleMainView,MainView,36,56,207
freeplane\src\org\freeplane\view\swing\map\MapView.java,freeplane\src\org\freeplane\view\swing\map\NodeViewFactory.java,MapView,NodeViewFactory,36,279,101
freeplane\src\org\freeplane\core\url\UrlManager.java,freeplane\src\org\freeplane\features\mindmapmode\file\MFileManager.java,UrlManager,MFileManager,36,64,100
freeplane\src\main\java\org\freeplane\features\map\MapController.java,freeplane\src\main\java\org\freeplane\features\map\mindmapmode\MMapController.java,MapController,MMapController,36,119,145
freeplane\src\org\freeplane\features\mindmapmode\file\ExportBranchAction.java,freeplane\src\org\freeplane\features\mindmapmode\file\RevertAction.java,ExportBranchAction,RevertAction,35,53,45
freeplane\src\org\freeplane\main\mindmapmode\MModeControllerFactory.java,freeplane\src\org\freeplane\view\swing\map\NodeView.java,MModeControllerFactory,NodeView,35,159,262
freeplane\src\main\java\org\freeplane\features\ui\IMapViewManager.java,freeplane\src\main\java\org\freeplane\main\headlessmode\HeadlessMapViewController.java,IMapViewManager,HeadlessMapViewController,35,40,39
freeplane\src\main\java\org\freeplane\features\ui\IMapViewManager.java,freeplane\src\main\java\org\freeplane\view\swing\map\MapViewController.java,IMapViewManager,MapViewController,35,40,82
freeplane\src\org\freeplane\features\mindmapmode\MMapController.java,freeplane\src\org\freeplane\features\mindmapmode\file\MFileManager.java,MMapController,MFileManager,34,62,100
freeplane\src\org\freeplane\features\mindmapmode\file\ExportBranchAction.java,freeplane\src\org\freeplane\features\mindmapmode\file\MFileManager.java,ExportBranchAction,MFileManager,34,53,100
freeplane\src\org\freeplane\core\frame\ViewController.java,freeplane\src\org\freeplane\features\common\link\LinkController.java,ViewController,LinkController,34,109,80
freeplane\src\org\freeplane\core\modecontroller\MapController.java,freeplane\src\org\freeplane\features\mindmapmode\MMapController.java,MapController,MMapController,34,69,62
freeplane\src\org\freeplane\core\ui\MenuBuilder.java,freeplane\src\org\freeplane\view\swing\ui\UserInputListenerFactory.java,MenuBuilder,UserInputListenerFactory,34,116,74
freeplane\src\org\freeplane\main\application\FreeplaneStarter.java,freeplane\src\org\freeplane\view\swing\map\MapView.java,FreeplaneStarter,MapView,34,135,279
freeplane\src\main\java\org\freeplane\view\swing\map\NodeView.java,freeplane\src\main\java\org\freeplane\view\swing\map\VerticalNodeViewLayoutStrategy.java,NodeView,VerticalNodeViewLayoutStrategy,34,301,140
freeplane\src\main\java\org\freeplane\view\swing\map\outline\BlockPanel.java,freeplane\src\main\java\org\freeplane\view\swing\map\outline\ScrollableTreePanel.java,BlockPanel,ScrollableTreePanel,34,37,135
freeplane\src\org\freeplane\core\controller\Controller.java,freeplane\src\org\freeplane\view\swing\map\MapView.java,Controller,MapView,33,62,279
freeplane\src\org\freeplane\view\swing\map\NodeView.java,freeplane\src\org\freeplane\view\swing\map\RootMainView.java,NodeView,RootMainView,33,262,63
freeplane\src\org\freeplane\features\mindmapmode\file\ExportBranchAction.java,freeplane\src\org\freeplane\features\mindmapmode\file\ImportLinkedBranchAction.java,ExportBranchAction,ImportLinkedBranchAction,33,53,36
freeplane\src\org\freeplane\features\mindmapmode\file\ImportLinkedBranchAction.java,freeplane\src\org\freeplane\features\mindmapmode\file\ImportLinkedBranchWithoutRootAction.java,ImportLinkedBranchAction,ImportLinkedBranchWithoutRootAction,33,36,37
freeplane\src\org\freeplane\features\common\nodestyle\NodeStyleController.java,freeplane\src\org\freeplane\view\swing\map\MapView.java,NodeStyleController,MapView,33,58,279
freeplane\src\org\freeplane\core\ui\AFreeplaneAction.java,freeplane\src\org\freeplane\core\ui\MenuBuilder.java,AFreeplaneAction,MenuBuilder,33,53,116
freeplane_plugin_script\src\org\freeplane\plugin\script\ScriptingEngine.java,freeplane_plugin_script\src\org\freeplane\plugin\script\ScriptingRegistration.java,ScriptingEngine,ScriptingRegistration,33,76,77
freeplane\src\main\java\org\freeplane\main\headlessmode\HeadlessMapViewController.java,freeplane\src\main\java\org\freeplane\view\swing\map\MapViewController.java,HeadlessMapViewController,MapViewController,33,39,82
freeplane\src\main\java\org\freeplane\view\swing\map\outline\MapAwareOutlinePane.java,freeplane\src\main\java\org\freeplane\view\swing\map\outline\ScrollableTreePanel.java,MapAwareOutlinePane,ScrollableTreePanel,33,67,135
freeplane\src\org\freeplane\view\swing\map\ForkMainView.java,freeplane\src\org\freeplane\view\swing\map\NodeView.java,ForkMainView,NodeView,32,54,262
freeplane\src\org\freeplane\core\frame\ViewController.java,freeplane\src\org\freeplane\core\ui\MenuBuilder.java,ViewController,MenuBuilder,32,109,116
freeplane\src\org\freeplane\core\frame\ViewController.java,freeplane\src\org\freeplane\view\swing\map\NodeView.java,ViewController,NodeView,32,109,262
freeplane\src\org\freeplane\core\ui\MenuBuilder.java,freeplane\src\org\freeplane\view\swing\map\MapView.java,MenuBuilder,MapView,32,116,279
freeplane\src\org\freeplane\features\mindmapmode\MMapController.java,freeplane\src\org\freeplane\features\mindmapmode\file\RevertAction.java,MMapController,RevertAction,32,62,45
freeplane\src\org\freeplane\features\mindmapmode\addins\export\ExportWithXSLT.java,freeplane\src\org\freeplane\features\mindmapmode\file\MFileManager.java,ExportWithXSLT,MFileManager,32,55,100
freeplane\src\org\freeplane\features\mindmapmode\text\EditNodeDialog.java,freeplane\src\org\freeplane\features\mindmapmode\text\EditNodeWYSIWYG.java,EditNodeDialog,EditNodeWYSIWYG,32,45,53
freeplane\src\org\freeplane\features\mindmapmode\note\MNoteController.java,freeplane\src\org\freeplane\view\swing\map\MapView.java,MNoteController,MapView,32,79,279
freeplane\src\org\freeplane\core\frame\ViewController.java,freeplane\src\org\freeplane\core\modecontroller\MapController.java,ViewController,MapController,32,109,69
freeplane\src\org\freeplane\main\applet\AppletViewController.java,freeplane\src\org\freeplane\main\application\ApplicationViewController.java,AppletViewController,ApplicationViewController,32,59,99
freeplane\src\org\freeplane\core\ui\MenuBuilder.java,freeplane\src\org\freeplane\main\application\LastOpenedList.java,MenuBuilder,LastOpenedList,32,116,84
freeplane\src\main\java\org\freeplane\view\swing\map\MainView.java,freeplane\src\main\java\org\freeplane\view\swing\map\MapView.java,MainView,MapView,32,178,375
freeplane\src\main\java\org\freeplane\features\icon\TagCategories.java,freeplane\src\main\java\org\freeplane\features\icon\mindmapmode\TagCategoryEditor.java,TagCategories,TagCategoryEditor,32,74,89
freeplane\src\org\freeplane\core\controller\Controller.java,freeplane\src\org\freeplane\core\ui\MenuBuilder.java,Controller,MenuBuilder,31,62,116
freeplane\src\org\freeplane\core\ui\MenuBuilder.java,freeplane\src\org\freeplane\core\ui\components\OptionalDontShowMeAgainDialog.java,MenuBuilder,OptionalDontShowMeAgainDialog,31,116,38
freeplane\src\org\freeplane\core\filter\FilterController.java,freeplane\src\org\freeplane\core\frame\ViewController.java,FilterController,ViewController,31,61,109
freeplane\src\org\freeplane\core\frame\ViewController.java,freeplane\src\org\freeplane\features\mindmapmode\MModeController.java,ViewController,MModeController,31,109,52
freeplane\src\org\freeplane\core\frame\ViewController.java,freeplane\src\org\freeplane\features\mindmapmode\file\RevertAction.java,ViewController,RevertAction,31,109,45
freeplane\src\org\freeplane\core\modecontroller\MapController.java,freeplane\src\org\freeplane\features\mindmapmode\file\MFileManager.java,MapController,MFileManager,31,69,100
freeplane\src\org\freeplane\core\ui\MenuBuilder.java,freeplane\src\org\freeplane\features\mindmapmode\file\MFileManager.java,MenuBuilder,MFileManager,31,116,100
freeplane\src\org\freeplane\features\common\link\LinkController.java,freeplane\src\org\freeplane\features\mindmapmode\file\MFileManager.java,LinkController,MFileManager,31,80,100
freeplane\src\org\freeplane\core\frame\ViewController.java,freeplane\src\org\freeplane\main\application\FreeplaneStarter.java,ViewController,FreeplaneStarter,31,109,135
freeplane\src\org\freeplane\main\application\FreeplaneStarter.java,freeplane\src\org\freeplane\main\browsemode\BModeControllerFactory.java,FreeplaneStarter,BModeControllerFactory,31,135,70
freeplane\src\org\freeplane\main\application\FreeplaneStarter.java,freeplane\src\org\freeplane\main\mindmapmode\MModeControllerFactory.java,FreeplaneStarter,MModeControllerFactory,31,135,159
freeplane\src\org\freeplane\core\ui\MenuBuilder.java,freeplane\src\org\freeplane\main\application\FreeplaneStarter.java,MenuBuilder,FreeplaneStarter,31,116,135
freeplane\src\org\freeplane\core\filter\FilterController.java,freeplane\src\org\freeplane\view\swing\map\MapView.java,FilterController,MapView,30,61,279
freeplane\src\org\freeplane\view\swing\map\BubbleMainView.java,freeplane\src\org\freeplane\view\swing\map\NodeView.java,BubbleMainView,NodeView,30,56,262
freeplane\src\org\freeplane\features\mindmapmode\file\ExportBranchAction.java,freeplane\src\org\freeplane\features\mindmapmode\file\ImportLinkedBranchWithoutRootAction.java,ExportBranchAction,ImportLinkedBranchWithoutRootAction,30,53,37
freeplane\src\org\freeplane\features\mindmapmode\file\ImportLinkedBranchAction.java,freeplane\src\org\freeplane\features\mindmapmode\file\RevertAction.java,ImportLinkedBranchAction,RevertAction,30,36,45
freeplane\src\org\freeplane\features\mindmapmode\note\MNoteController.java,freeplane\src\org\freeplane\features\mindmapmode\text\EditNodeWYSIWYG.java,MNoteController,EditNodeWYSIWYG,30,79,53
freeplane\src\org\freeplane\features\common\link\LinkController.java,freeplane\src\org\freeplane\features\mindmapmode\file\ExportBranchAction.java,LinkController,ExportBranchAction,30,80,53
freeplane\src\org\freeplane\core\controller\Controller.java,freeplane\src\org\freeplane\features\mindmapmode\file\ExportBranchAction.java,Controller,ExportBranchAction,30,62,53
freeplane\src\org\freeplane\core\controller\Controller.java,freeplane\src\org\freeplane\features\mindmapmode\file\MFileManager.java,Controller,MFileManager,30,62,100
freeplane\src\org\freeplane\core\controller\Controller.java,freeplane\src\org\freeplane\features\mindmapmode\file\RevertAction.java,Controller,RevertAction,30,62,45
freeplane\src\org\freeplane\core\frame\ViewController.java,freeplane\src\org\freeplane\features\mindmapmode\file\MFileManager.java,ViewController,MFileManager,30,109,100
freeplane\src\org\freeplane\core\ui\MenuBuilder.java,freeplane\src\org\freeplane\features\mindmapmode\addins\export\ExportWithXSLT.java,MenuBuilder,ExportWithXSLT,30,116,55
freeplane\src\org\freeplane\core\ui\MenuBuilder.java,freeplane\src\org\freeplane\features\mindmapmode\file\RevertAction.java,MenuBuilder,RevertAction,30,116,45
freeplane\src\org\freeplane\features\common\link\LinkController.java,freeplane\src\org\freeplane\features\mindmapmode\file\RevertAction.java,LinkController,RevertAction,30,80,45
freeplane\src\org\freeplane\view\swing\map\MapView.java,freeplane\src\org\freeplane\view\swing\map\MapViewController.java,MapView,MapViewController,30,279,62
freeplane\src\org\freeplane\main\application\FreeplaneStarter.java,freeplane\src\org\freeplane\main\application\LastOpenedList.java,FreeplaneStarter,LastOpenedList,30,135,84
freeplane\src\org\freeplane\main\mindmapmode\MModeControllerFactory.java,freeplane\src\org\freeplane\view\swing\ui\UserInputListenerFactory.java,MModeControllerFactory,UserInputListenerFactory,30,159,74
freeplane\src\main\java\org\freeplane\view\swing\map\outline\OutlinePane.java,freeplane\src\main\java\org\freeplane\view\swing\map\outline\ScrollableTreePanel.java,OutlinePane,ScrollableTreePanel,30,39,135
freeplane\src\org\freeplane\core\controller\Controller.java,freeplane\src\org\freeplane\core\resources\ResourceController.java,Controller,ResourceController,29,62,74
freeplane\src\org\freeplane\core\resources\ResourceController.java,freeplane\src\org\freeplane\core\ui\MenuBuilder.java,ResourceController,MenuBuilder,29,74,116
freeplane\src\org\freeplane\core\ui\components\UITools.java,freeplane\src\org\freeplane\view\swing\map\MainView.java,UITools,MainView,29,99,207
freeplane\src\org\freeplane\core\ui\components\UITools.java,freeplane\src\org\freeplane\view\swing\map\MapView.java,UITools,MapView,29,99,279
freeplane\src\org\freeplane\core\ui\components\UITools.java,freeplane\src\org\freeplane\view\swing\map\NodeView.java,UITools,NodeView,29,99,262
freeplane\src\org\freeplane\view\swing\map\BubbleMainView.java,freeplane\src\org\freeplane\view\swing\map\ForkMainView.java,BubbleMainView,ForkMainView,29,56,54
freeplane\src\org\freeplane\view\swing\map\BubbleMainView.java,freeplane\src\org\freeplane\view\swing\map\MapView.java,BubbleMainView,MapView,29,56,279
freeplane\src\org\freeplane\view\swing\map\MapView.java,freeplane\src\org\freeplane\view\swing\map\RootMainView.java,MapView,RootMainView,29,279,63
freeplane\src\org\freeplane\core\frame\ViewController.java,freeplane\src\org\freeplane\view\swing\map\MainView.java,ViewController,MainView,29,109,207
freeplane\src\org\freeplane\core\frame\ViewController.java,freeplane\src\org\freeplane\core\resources\ResourceController.java,ViewController,ResourceController,29,109,74
freeplane\src\org\freeplane\features\common\addins\encrypt\EnterPassword.java,freeplane\src\org\freeplane\features\mindmapmode\MMapController.java,EnterPassword,MMapController,29,42,62
freeplane\src\org\freeplane\features\mindmapmode\addins\export\ExportWithXSLT.java,freeplane\src\org\freeplane\features\mindmapmode\file\RevertAction.java,ExportWithXSLT,RevertAction,29,55,45
freeplane\src\org\freeplane\features\mindmapmode\clipboard\CutAction.java,freeplane\src\org\freeplane\features\mindmapmode\file\RevertAction.java,CutAction,RevertAction,29,38,45
freeplane\src\org\freeplane\features\mindmapmode\file\ImportLinkedBranchWithoutRootAction.java,freeplane\src\org\freeplane\features\mindmapmode\file\RevertAction.java,ImportLinkedBranchWithoutRootAction,RevertAction,29,37,45
freeplane\src\org\freeplane\features\mindmapmode\link\MLinkController.java,freeplane\src\org\freeplane\view\swing\map\MapView.java,MLinkController,MapView,29,74,279
freeplane\src\org\freeplane\core\modecontroller\MapController.java,freeplane\src\org\freeplane\features\common\link\LinkController.java,MapController,LinkController,29,69,80
freeplane\src\org\freeplane\core\modecontroller\MapController.java,freeplane\src\org\freeplane\features\mindmapmode\file\RevertAction.java,MapController,RevertAction,29,69,45
freeplane\src\org\freeplane\core\ui\MenuBuilder.java,freeplane\src\org\freeplane\features\mindmapmode\file\ExportBranchAction.java,MenuBuilder,ExportBranchAction,29,116,53
freeplane\src\org\freeplane\core\frame\ViewController.java,freeplane\src\org\freeplane\view\swing\ui\UserInputListenerFactory.java,ViewController,UserInputListenerFactory,29,109,74
freeplane\src\org\freeplane\view\swing\ui\DefaultNodeMouseMotionListener.java,freeplane\src\org\freeplane\view\swing\ui\mindmapmode\MNodeMotionListener.java,DefaultNodeMouseMotionListener,MNodeMotionListener,29,93,60
freeplane\src\org\freeplane\core\frame\ViewController.java,freeplane\src\org\freeplane\main\application\ApplicationViewController.java,ViewController,ApplicationViewController,29,109,99
freeplane\src\org\freeplane\main\applet\FreeplaneApplet.java,freeplane\src\org\freeplane\main\mindmapmode\MModeControllerFactory.java,FreeplaneApplet,MModeControllerFactory,29,63,159
freeplane\src\org\freeplane\main\application\ApplicationViewController.java,freeplane\src\org\freeplane\main\application\FreeplaneStarter.java,ApplicationViewController,FreeplaneStarter,29,99,135
freeplane\src\org\freeplane\main\mindmapmode\MModeControllerFactory.java,freeplane\src\org\freeplane\view\swing\map\MapView.java,MModeControllerFactory,MapView,29,159,279
freeplane\src\org\freeplane\view\swing\map\BubbleMainView.java,freeplane\src\org\freeplane\view\swing\map\RootMainView.java,BubbleMainView,RootMainView,28,56,63
freeplane\src\org\freeplane\core\ui\MenuBuilder.java,freeplane\src\org\freeplane\view\swing\map\NodeView.java,MenuBuilder,NodeView,28,116,262
freeplane\src\org\freeplane\view\swing\map\MainView.java,freeplane\src\org\freeplane\view\swing\map\attribute\AttributeTable.java,MainView,AttributeTable,28,207,99
freeplane\src\org\freeplane\features\mindmapmode\MMapController.java,freeplane\src\org\freeplane\features\mindmapmode\addins\export\ExportWithXSLT.java,MMapController,ExportWithXSLT,28,62,55
freeplane\src\org\freeplane\features\mindmapmode\MMapController.java,freeplane\src\org\freeplane\features\mindmapmode\file\ExportBranchAction.java,MMapController,ExportBranchAction,28,62,53
freeplane\src\org\freeplane\features\mindmapmode\addins\export\ExportWithXSLT.java,freeplane\src\org\freeplane\features\mindmapmode\file\ExportBranchAction.java,ExportWithXSLT,ExportBranchAction,28,55,53
freeplane\src\org\freeplane\features\mindmapmode\clipboard\CutAction.java,freeplane\src\org\freeplane\features\mindmapmode\file\ExportBranchAction.java,CutAction,ExportBranchAction,28,38,53
freeplane\src\org\freeplane\features\mindmapmode\file\ExportBranchAction.java,freeplane\src\org\freeplane\features\mindmapmode\file\ImportExplorerFavoritesAction.java,ExportBranchAction,ImportExplorerFavoritesAction,28,53,30
freeplane\src\org\freeplane\features\mindmapmode\file\ExportBranchAction.java,freeplane\src\org\freeplane\features\mindmapmode\file\ImportFolderStructureAction.java,ExportBranchAction,ImportFolderStructureAction,28,53,31
freeplane\src\org\freeplane\features\mindmapmode\note\MNoteController.java,freeplane\src\org\freeplane\features\mindmapmode\text\MTextController.java,MNoteController,MTextController,28,79,87
freeplane\src\org\freeplane\features\common\edge\EdgeController.java,freeplane\src\org\freeplane\features\common\link\LinkController.java,EdgeController,LinkController,28,52,80
freeplane\src\org\freeplane\features\common\link\LinkController.java,freeplane\src\org\freeplane\features\common\nodestyle\NodeStyleController.java,LinkController,NodeStyleController,28,80,58
freeplane\src\org\freeplane\features\common\text\IgnoreCaseNodeContainsCondition.java,freeplane\src\org\freeplane\features\common\text\NodeContainsCondition.java,IgnoreCaseNodeContainsCondition,NodeContainsCondition,28,29,37
freeplane\src\org\freeplane\core\url\UrlManager.java,freeplane\src\org\freeplane\features\mindmapmode\MMapController.java,UrlManager,MMapController,28,64,62
freeplane\src\org\freeplane\core\controller\Controller.java,freeplane\src\org\freeplane\features\common\link\LinkController.java,Controller,LinkController,28,62,80
freeplane\src\org\freeplane\core\controller\Controller.java,freeplane\src\org\freeplane\features\mindmapmode\MModeController.java,Controller,MModeController,28,62,52
freeplane\src\org\freeplane\core\frame\ViewController.java,freeplane\src\org\freeplane\features\mindmapmode\MMapController.java,ViewController,MMapController,28,109,62
freeplane\src\org\freeplane\core\frame\ViewController.java,freeplane\src\org\freeplane\features\mindmapmode\file\ExportBranchAction.java,ViewController,ExportBranchAction,28,109,53
freeplane\src\org\freeplane\core\modecontroller\MapController.java,freeplane\src\org\freeplane\core\url\UrlManager.java,MapController,UrlManager,28,69,64
freeplane\src\org\freeplane\core\modecontroller\MapController.java,freeplane\src\org\freeplane\view\swing\map\MapView.java,MapController,MapView,28,69,279
freeplane\src\org\freeplane\core\frame\ViewController.java,freeplane\src\org\freeplane\main\mindmapmode\MModeControllerFactory.java,ViewController,MModeControllerFactory,28,109,159
freeplane_plugin_script\src\org\freeplane\plugin\script\proxy\ControllerProxy.java,freeplane_plugin_script\src\org\freeplane\plugin\script\proxy\Proxy.java,ControllerProxy,Proxy,28,50,112
freeplane_plugin_script\src\org\freeplane\plugin\script\ScriptingConfiguration.java,freeplane_plugin_script\src\org\freeplane\plugin\script\ScriptingRegistration.java,ScriptingConfiguration,ScriptingRegistration,28,46,77
freeplane\src\org\freeplane\core\filter\FilterComposerDialog.java,freeplane\src\org\freeplane\core\filter\FilterController.java,FilterComposerDialog,FilterController,27,37,61
freeplane\src\org\freeplane\core\filter\FilterController.java,freeplane\src\org\freeplane\core\ui\MenuBuilder.java,FilterController,MenuBuilder,27,61,116
freeplane\src\org\freeplane\features\mindmapmode\MMapController.java,freeplane\src\org\freeplane\features\mindmapmode\MModeController.java,MMapController,MModeController,27,62,52
freeplane\src\org\freeplane\features\mindmapmode\MMapController.java,freeplane\src\org\freeplane\features\mindmapmode\clipboard\CutAction.java,MMapController,CutAction,27,62,38
freeplane\src\org\freeplane\features\mindmapmode\MMapController.java,freeplane\src\org\freeplane\features\mindmapmode\clipboard\PasteAction.java,MMapController,PasteAction,27,62,46
freeplane\src\org\freeplane\features\mindmapmode\clipboard\CutAction.java,freeplane\src\org\freeplane\features\mindmapmode\file\MFileManager.java,CutAction,MFileManager,27,38,100
freeplane\src\org\freeplane\features\mindmapmode\file\ImportExplorerFavoritesAction.java,freeplane\src\org\freeplane\features\mindmapmode\file\ImportFolderStructureAction.java,ImportExplorerFavoritesAction,ImportFolderStructureAction,27,30,31
freeplane\src\org\freeplane\features\mindmapmode\link\MLinkController.java,freeplane\src\org\freeplane\features\mindmapmode\text\MTextController.java,MLinkController,MTextController,27,74,87
freeplane\src\org\freeplane\features\mindmapmode\text\EditNodeBase.java,freeplane\src\org\freeplane\features\mindmapmode\text\EditNodeWYSIWYG.java,EditNodeBase,EditNodeWYSIWYG,27,45,53
freeplane\src\org\freeplane\features\mindmapmode\text\EditNodeBase.java,freeplane\src\org\freeplane\features\mindmapmode\text\MTextController.java,EditNodeBase,MTextController,27,45,87
freeplane\src\org\freeplane\features\mindmapmode\text\EditNodeWYSIWYG.java,freeplane\src\org\freeplane\features\mindmapmode\text\MTextController.java,EditNodeWYSIWYG,MTextController,27,53,87
freeplane\src\org\freeplane\features\common\link\LinkController.java,freeplane\src\org\freeplane\features\mindmapmode\link\SetLinkByTextFieldAction.java,LinkController,SetLinkByTextFieldAction,27,80,38
freeplane\src\org\freeplane\features\common\note\NoteController.java,freeplane\src\org\freeplane\features\mindmapmode\note\MNoteController.java,NoteController,MNoteController,27,48,79
freeplane\src\org\freeplane\core\url\UrlManager.java,freeplane\src\org\freeplane\features\mindmapmode\file\ExportBranchAction.java,UrlManager,ExportBranchAction,27,64,53
freeplane\src\org\freeplane\core\controller\Controller.java,freeplane\src\org\freeplane\core\modecontroller\MapController.java,Controller,MapController,27,62,69
freeplane\src\org\freeplane\core\controller\Controller.java,freeplane\src\org\freeplane\features\mindmapmode\MMapController.java,Controller,MMapController,27,62,62
freeplane\src\org\freeplane\core\controller\Controller.java,freeplane\src\org\freeplane\features\mindmapmode\clipboard\CutAction.java,Controller,CutAction,27,62,38
freeplane\src\org\freeplane\core\frame\ViewController.java,freeplane\src\org\freeplane\features\mindmapmode\note\MNoteController.java,ViewController,MNoteController,27,109,79
freeplane\src\org\freeplane\core\modecontroller\MapController.java,freeplane\src\org\freeplane\features\mindmapmode\file\ExportBranchAction.java,MapController,ExportBranchAction,27,69,53
freeplane\src\org\freeplane\features\common\link\LinkController.java,freeplane\src\org\freeplane\features\mindmapmode\MMapController.java,LinkController,MMapController,27,80,62
freeplane\src\org\freeplane\core\ui\MenuBuilder.java,freeplane\src\org\freeplane\features\controller\help\DocumentationAction.java,MenuBuilder,DocumentationAction,27,116,44
freeplane\src\org\freeplane\view\swing\ui\UserInputListenerFactory.java,freeplane\src\org\freeplane\view\swing\ui\mindmapmode\MNodeDropListener.java,UserInputListenerFactory,MNodeDropListener,27,74,51
freeplane\src\org\freeplane\view\swing\map\MapView.java,freeplane\src\org\freeplane\view\swing\ui\mindmapmode\MNodeDropListener.java,MapView,MNodeDropListener,27,279,51
freeplane\src\org\freeplane\main\applet\AppletViewController.java,freeplane\src\org\freeplane\main\application\FreeplaneStarter.java,AppletViewController,FreeplaneStarter,27,59,135
freeplane\src\org\freeplane\main\applet\AppletViewController.java,freeplane\src\org\freeplane\main\application\LastOpenedList.java,AppletViewController,LastOpenedList,27,59,84
freeplane\src\org\freeplane\main\application\ApplicationResourceController.java,freeplane\src\org\freeplane\main\application\FreeplaneStarter.java,ApplicationResourceController,FreeplaneStarter,27,46,135
freeplane\src\org\freeplane\main\application\ApplicationViewController.java,freeplane\src\org\freeplane\view\swing\map\MapView.java,ApplicationViewController,MapView,27,99,279
freeplane\src\org\freeplane\main\application\FreeplaneStarter.java,freeplane\src\org\freeplane\view\swing\ui\UserInputListenerFactory.java,FreeplaneStarter,UserInputListenerFactory,27,135,74
freeplane_api\src\main\java\org\freeplane\api\NodeRO.java,freeplane_plugin_script\src\main\java\org\freeplane\plugin\script\proxy\NodeProxy.java,NodeRO,NodeProxy,27,47,85
freeplane\src\org\freeplane\core\controller\Controller.java,freeplane\src\org\freeplane\core\filter\FilterComposerDialog.java,Controller,FilterComposerDialog,26,62,37
freeplane\src\org\freeplane\core\controller\Controller.java,freeplane\src\org\freeplane\core\filter\FilterController.java,Controller,FilterController,26,62,61
freeplane\src\org\freeplane\view\swing\map\EditNodeTextField.java,freeplane\src\org\freeplane\view\swing\map\MapView.java,EditNodeTextField,MapView,26,72,279
freeplane\src\org\freeplane\core\filter\FilterComposerDialog.java,freeplane\src\org\freeplane\core\frame\ViewController.java,FilterComposerDialog,ViewController,26,37,109
freeplane\src\org\freeplane\core\ui\MenuBuilder.java,freeplane\src\org\freeplane\view\swing\map\MainView.java,MenuBuilder,MainView,26,116,207
freeplane\src\org\freeplane\view\swing\map\NodeView.java,freeplane\src\org\freeplane\view\swing\map\attribute\AttributeTable.java,NodeView,AttributeTable,26,262,99
freeplane\src\org\freeplane\core\frame\ViewController.java,freeplane\src\org\freeplane\core\url\UrlManager.java,ViewController,UrlManager,26,109,64
freeplane\src\org\freeplane\core\resources\ResourceController.java,freeplane\src\org\freeplane\view\swing\map\MapView.java,ResourceController,MapView,26,74,279
freeplane\src\org\freeplane\features\common\addins\encrypt\EnterPassword.java,freeplane\src\org\freeplane\features\mindmapmode\addins\encrypt\EncryptedMap.java,EnterPassword,EncryptedMap,26,42,30
freeplane\src\org\freeplane\features\mindmapmode\clipboard\CutAction.java,freeplane\src\org\freeplane\features\mindmapmode\clipboard\PasteAction.java,CutAction,PasteAction,26,38,46
freeplane\src\org\freeplane\features\mindmapmode\clipboard\CutAction.java,freeplane\src\org\freeplane\features\mindmapmode\file\ImportLinkedBranchAction.java,CutAction,ImportLinkedBranchAction,26,38,36
freeplane\src\org\freeplane\features\mindmapmode\clipboard\CutAction.java,freeplane\src\org\freeplane\features\mindmapmode\file\ImportLinkedBranchWithoutRootAction.java,CutAction,ImportLinkedBranchWithoutRootAction,26,38,37
freeplane\src\org\freeplane\features\mindmapmode\clipboard\CutAction.java,freeplane\src\org\freeplane\features\mindmapmode\text\JoinNodesAction.java,CutAction,JoinNodesAction,26,38,34
freeplane\src\org\freeplane\features\mindmapmode\clipboard\PasteAction.java,freeplane\src\org\freeplane\features\mindmapmode\file\RevertAction.java,PasteAction,RevertAction,26,46,45
freeplane\src\org\freeplane\features\mindmapmode\cloud\CloudColorAction.java,freeplane\src\org\freeplane\features\mindmapmode\edge\EdgeColorAction.java,CloudColorAction,EdgeColorAction,26,29,28
freeplane\src\org\freeplane\features\mindmapmode\file\DoAutomaticSave.java,freeplane\src\org\freeplane\features\mindmapmode\file\MFileManager.java,DoAutomaticSave,MFileManager,26,30,100
freeplane\src\org\freeplane\features\mindmapmode\file\ImportFolderStructureAction.java,freeplane\src\org\freeplane\features\mindmapmode\file\ImportLinkedBranchAction.java,ImportFolderStructureAction,ImportLinkedBranchAction,26,31,36
freeplane\src\org\freeplane\features\mindmapmode\file\ImportLinkedBranchAction.java,freeplane\src\org\freeplane\features\mindmapmode\file\MFileManager.java,ImportLinkedBranchAction,MFileManager,26,36,100
freeplane\src\org\freeplane\features\mindmapmode\file\ImportLinkedBranchWithoutRootAction.java,freeplane\src\org\freeplane\features\mindmapmode\file\MFileManager.java,ImportLinkedBranchWithoutRootAction,MFileManager,26,37,100
freeplane\src\org\freeplane\features\mindmapmode\file\MFileManager.java,freeplane\src\org\freeplane\features\mindmapmode\text\MTextController.java,MFileManager,MTextController,26,100,87
freeplane\src\org\freeplane\features\common\cloud\CloudController.java,freeplane\src\org\freeplane\features\common\link\LinkController.java,CloudController,LinkController,26,45,80
freeplane\src\org\freeplane\features\common\edge\EdgeController.java,freeplane\src\org\freeplane\view\swing\map\MapView.java,EdgeController,MapView,26,52,279
freeplane\src\org\freeplane\features\common\link\LinkBuilder.java,freeplane\src\org\freeplane\features\mindmapmode\link\MLinkController.java,LinkBuilder,MLinkController,26,35,74
freeplane\src\org\freeplane\features\common\link\LinkController.java,freeplane\src\org\freeplane\features\mindmapmode\clipboard\CutAction.java,LinkController,CutAction,26,80,38
freeplane\src\org\freeplane\features\common\link\LinkController.java,freeplane\src\org\freeplane\features\mindmapmode\note\MNoteController.java,LinkController,MNoteController,26,80,79
freeplane\src\org\freeplane\features\common\text\FindAction.java,freeplane\src\org\freeplane\features\common\text\FindNextAction.java,FindAction,FindNextAction,26,44,26
freeplane\src\org\freeplane\features\mindmapmode\clipboard\CutAction.java,freeplane\src\org\freeplane\view\swing\map\MapView.java,CutAction,MapView,26,38,279
freeplane\src\org\freeplane\core\url\UrlManager.java,freeplane\src\org\freeplane\features\mindmapmode\file\RevertAction.java,UrlManager,RevertAction,26,64,45
freeplane\src\org\freeplane\core\filter\FilterController.java,freeplane\src\org\freeplane\core\modecontroller\MapController.java,FilterController,MapController,26,61,69
freeplane\src\org\freeplane\core\frame\ViewController.java,freeplane\src\org\freeplane\features\mindmapmode\addins\export\ExportWithXSLT.java,ViewController,ExportWithXSLT,26,109,55
freeplane\src\org\freeplane\core\frame\ViewController.java,freeplane\src\org\freeplane\features\mindmapmode\clipboard\CutAction.java,ViewController,CutAction,26,109,38
